,Europeana_proxy,External_URI,Wikidata_URI
0,http://data.europeana.eu/proxy/europeana/2020903/KMSsp516,http://dbpedia.org/resource/Emanuel_Murant,http://wikidata.org/entity/Q765989
1,http://data.europeana.eu/proxy/europeana/2020903/KMSsp517,http://dbpedia.org/resource/Emanuel_Murant,http://wikidata.org/entity/Q765989
2,http://data.europeana.eu/proxy/europeana/2021618/internetserver_Details_kunst_18469,http://dbpedia.org/resource/Emanuel_Murant,http://wikidata.org/entity/Q765989
3,http://data.europeana.eu/proxy/europeana/2048001/Athena_Plus_ProvidedCHO_KIK_IRPA__Brussels__Belgium__AP_10340595,http://dbpedia.org/resource/Emanuel_Murant,http://wikidata.org/entity/Q765989
4,http://data.europeana.eu/proxy/europeana/04202/BibliographicResource_3000135709622,http://dbpedia.org/resource/Emanuel_Sweert,http://wikidata.org/entity/Q1334797
5,http://data.europeana.eu/proxy/europeana/2048088/oai_www_internetculturale_it_metaoaicat_oai_bncf_firenze_sbn_it_21_FI0098_Magliabechi_PUVE008924,http://dbpedia.org/resource/Emanuel_Sweert,http://wikidata.org/entity/Q1334797
6,http://data.europeana.eu/proxy/europeana/2048088/oai_www_internetculturale_it_metaoaicat_oai_bncf_firenze_sbn_it_21_FI0098_Magliabechi_CFIE001093,http://dbpedia.org/resource/Emanuel_Sweert,http://wikidata.org/entity/Q1334797
7,http://data.europeana.eu/proxy/europeana/9200332/BibliographicResource_3000113552799,http://dbpedia.org/resource/Emanuel_Sweert,http://wikidata.org/entity/Q1334797
8,http://data.europeana.eu/proxy/europeana/9200332/BibliographicResource_3000095371560,http://dbpedia.org/resource/Emanuel_Sweert,http://wikidata.org/entity/Q1334797
9,http://data.europeana.eu/proxy/europeana/9200332/BibliographicResource_3000123580512,http://dbpedia.org/resource/Emanuel_Sweert,http://wikidata.org/entity/Q1334797
10,http://data.europeana.eu/proxy/europeana/04101/69E4D600D25F6A9F607003E23CCEF4D5816AF0B6,http://dbpedia.org/resource/Emanuel_de_Witte,http://wikidata.org/entity/Q711203
11,http://data.europeana.eu/proxy/europeana/04101/7D4DB550ED6F381768991433F34F05FBB6C0C927,http://dbpedia.org/resource/Emanuel_de_Witte,http://wikidata.org/entity/Q711203
12,http://data.europeana.eu/proxy/europeana/2021608/11259_collection_81157,http://dbpedia.org/resource/Emanuel_de_Witte,http://wikidata.org/entity/Q711203
13,http://data.europeana.eu/proxy/europeana/2020903/KMS6320,http://dbpedia.org/resource/Emanuel_de_Witte,http://wikidata.org/entity/Q711203
14,http://data.europeana.eu/proxy/europeana/2021608/11259_collection_38801,http://dbpedia.org/resource/Emanuel_de_Witte,http://wikidata.org/entity/Q711203
15,http://data.europeana.eu/proxy/europeana/2021608/11259_collection_39547,http://dbpedia.org/resource/Emanuel_de_Witte,http://wikidata.org/entity/Q711203
16,http://data.europeana.eu/proxy/europeana/2021608/11259_collection_39651,http://dbpedia.org/resource/Emanuel_de_Witte,http://wikidata.org/entity/Q711203
17,http://data.europeana.eu/proxy/europeana/2021663/memorix_3a51b3a4_fb8f_11df_9e4d_523bc2e286e2,http://dbpedia.org/resource/Emanuel_de_Witte,http://wikidata.org/entity/Q711203
18,http://data.europeana.eu/proxy/europeana/2021618/internetserver_Details_kunst_18532,http://dbpedia.org/resource/Emanuel_de_Witte,http://wikidata.org/entity/Q711203
19,http://data.europeana.eu/proxy/europeana/2021663/memorix_38e9763c_fb8f_11df_9e4d_523bc2e286e2,http://dbpedia.org/resource/Emanuel_de_Witte,http://wikidata.org/entity/Q711203
20,http://data.europeana.eu/proxy/europeana/2021662/zoeken_en_vinden_beeldbank_weergave_record_layout_default_id_dcad7868_2d21_e70b_821f_72456955c2e8,http://dbpedia.org/resource/Emanuel_de_Witte,http://wikidata.org/entity/Q711203
21,http://data.europeana.eu/proxy/europeana/2021664/search_identifier_uba_items_80068ceda94297a6b5b732c7ce01be6e,http://dbpedia.org/resource/Emanuel_de_Witte,http://wikidata.org/entity/Q711203
22,http://data.europeana.eu/proxy/europeana/2048005/Athena_Plus_ProvidedCHO_Nationalmuseum__Sweden_19573,http://dbpedia.org/resource/Emanuel_de_Witte,http://wikidata.org/entity/Q711203
23,http://data.europeana.eu/proxy/europeana/2064105/Museu_ProvidedCHO_Hallwylska_museet_14111,http://dbpedia.org/resource/Emanuel_de_Witte,http://wikidata.org/entity/Q711203
24,http://data.europeana.eu/proxy/europeana/92034/GVNRC_NCRD01_100762700,http://dbpedia.org/resource/Emanuel_de_Witte,http://wikidata.org/entity/Q711203
25,http://data.europeana.eu/proxy/europeana/92034/GVNRC_MAU01_0473,http://dbpedia.org/resource/Emanuel_de_Witte,http://wikidata.org/entity/Q711203
26,http://data.europeana.eu/proxy/europeana/92034/GVNRC_MAU01_0824,http://dbpedia.org/resource/Emanuel_de_Witte,http://wikidata.org/entity/Q711203
27,http://data.europeana.eu/proxy/europeana/92060/BibliographicResource_1000126006736,http://dbpedia.org/resource/Emanuel_von_Friedrichsthal,http://wikidata.org/entity/Q88737
28,http://data.europeana.eu/proxy/europeana/92060/BibliographicResource_1000126006738,http://dbpedia.org/resource/Emanuel_von_Friedrichsthal,http://wikidata.org/entity/Q88737
29,http://data.europeana.eu/proxy/europeana/15508/23844,http://dbpedia.org/resource/Emil_Jakob_Schindler,http://wikidata.org/entity/Q670922
30,http://data.europeana.eu/proxy/europeana/15508/23845,http://dbpedia.org/resource/Emil_Jakob_Schindler,http://wikidata.org/entity/Q670922
31,http://data.europeana.eu/proxy/europeana/15508/25363,http://dbpedia.org/resource/Emil_Jakob_Schindler,http://wikidata.org/entity/Q670922
32,http://data.europeana.eu/proxy/europeana/15508/25364,http://dbpedia.org/resource/Emil_Jakob_Schindler,http://wikidata.org/entity/Q670922
33,http://data.europeana.eu/proxy/europeana/15508/25871,http://dbpedia.org/resource/Emil_Jakob_Schindler,http://wikidata.org/entity/Q670922
34,http://data.europeana.eu/proxy/europeana/15508/27498,http://dbpedia.org/resource/Emil_Jakob_Schindler,http://wikidata.org/entity/Q670922
35,http://data.europeana.eu/proxy/europeana/15508/27675,http://dbpedia.org/resource/Emil_Jakob_Schindler,http://wikidata.org/entity/Q670922
36,http://data.europeana.eu/proxy/europeana/15508/29059,http://dbpedia.org/resource/Emil_Jakob_Schindler,http://wikidata.org/entity/Q670922
37,http://data.europeana.eu/proxy/europeana/15508/31467,http://dbpedia.org/resource/Emil_Jakob_Schindler,http://wikidata.org/entity/Q670922
38,http://data.europeana.eu/proxy/europeana/15508/32931,http://dbpedia.org/resource/Emil_Jakob_Schindler,http://wikidata.org/entity/Q670922
39,http://data.europeana.eu/proxy/europeana/15508/32932,http://dbpedia.org/resource/Emil_Jakob_Schindler,http://wikidata.org/entity/Q670922
40,http://data.europeana.eu/proxy/europeana/15508/32933,http://dbpedia.org/resource/Emil_Jakob_Schindler,http://wikidata.org/entity/Q670922
41,http://data.europeana.eu/proxy/europeana/15508/32934,http://dbpedia.org/resource/Emil_Jakob_Schindler,http://wikidata.org/entity/Q670922
42,http://data.europeana.eu/proxy/europeana/15508/32935,http://dbpedia.org/resource/Emil_Jakob_Schindler,http://wikidata.org/entity/Q670922
43,http://data.europeana.eu/proxy/europeana/15508/41589,http://dbpedia.org/resource/Emil_Jakob_Schindler,http://wikidata.org/entity/Q670922
44,http://data.europeana.eu/proxy/europeana/92027/BibliographicResource_1000125585559,http://dbpedia.org/resource/Emil_Jakob_Schindler,http://wikidata.org/entity/Q670922
45,http://data.europeana.eu/proxy/europeana/92027/BibliographicResource_3000117435393,http://dbpedia.org/resource/Emil_Jakob_Schindler,http://wikidata.org/entity/Q670922
46,http://data.europeana.eu/proxy/europeana/92027/BibliographicResource_3000117436324,http://dbpedia.org/resource/Emil_Jakob_Schindler,http://wikidata.org/entity/Q670922
47,http://data.europeana.eu/proxy/europeana/92027/BibliographicResource_3000117436325,http://dbpedia.org/resource/Emil_Jakob_Schindler,http://wikidata.org/entity/Q670922
48,http://data.europeana.eu/proxy/europeana/92027/BibliographicResource_3000117436326,http://dbpedia.org/resource/Emil_Jakob_Schindler,http://wikidata.org/entity/Q670922
49,http://data.europeana.eu/proxy/europeana/92027/BibliographicResource_3000117436327,http://dbpedia.org/resource/Emil_Jakob_Schindler,http://wikidata.org/entity/Q670922
50,http://data.europeana.eu/proxy/europeana/92027/BibliographicResource_3000117436329,http://dbpedia.org/resource/Emil_Jakob_Schindler,http://wikidata.org/entity/Q670922
51,http://data.europeana.eu/proxy/europeana/92027/BibliographicResource_3000117436330,http://dbpedia.org/resource/Emil_Jakob_Schindler,http://wikidata.org/entity/Q670922
52,http://data.europeana.eu/proxy/europeana/92027/BibliographicResource_3000117436331,http://dbpedia.org/resource/Emil_Jakob_Schindler,http://wikidata.org/entity/Q670922
53,http://data.europeana.eu/proxy/europeana/92027/BibliographicResource_3000117436332,http://dbpedia.org/resource/Emil_Jakob_Schindler,http://wikidata.org/entity/Q670922
54,http://data.europeana.eu/proxy/europeana/92027/BibliographicResource_3000117436334,http://dbpedia.org/resource/Emil_Jakob_Schindler,http://wikidata.org/entity/Q670922
55,http://data.europeana.eu/proxy/europeana/92027/BibliographicResource_3000117436335,http://dbpedia.org/resource/Emil_Jakob_Schindler,http://wikidata.org/entity/Q670922
56,http://data.europeana.eu/proxy/europeana/92027/BibliographicResource_3000117436336,http://dbpedia.org/resource/Emil_Jakob_Schindler,http://wikidata.org/entity/Q670922
57,http://data.europeana.eu/proxy/europeana/92027/BibliographicResource_3000117436337,http://dbpedia.org/resource/Emil_Jakob_Schindler,http://wikidata.org/entity/Q670922
58,http://data.europeana.eu/proxy/europeana/92027/BibliographicResource_3000117436338,http://dbpedia.org/resource/Emil_Jakob_Schindler,http://wikidata.org/entity/Q670922
59,http://data.europeana.eu/proxy/europeana/92027/BibliographicResource_3000117436339,http://dbpedia.org/resource/Emil_Jakob_Schindler,http://wikidata.org/entity/Q670922
60,http://data.europeana.eu/proxy/europeana/92027/BibliographicResource_3000117436341,http://dbpedia.org/resource/Emil_Jakob_Schindler,http://wikidata.org/entity/Q670922
61,http://data.europeana.eu/proxy/europeana/92027/BibliographicResource_3000117436343,http://dbpedia.org/resource/Emil_Jakob_Schindler,http://wikidata.org/entity/Q670922
62,http://data.europeana.eu/proxy/europeana/92027/BibliographicResource_3000117435188,http://dbpedia.org/resource/Emil_Jakob_Schindler,http://wikidata.org/entity/Q670922
63,http://data.europeana.eu/proxy/europeana/92027/BibliographicResource_3000117435189,http://dbpedia.org/resource/Emil_Jakob_Schindler,http://wikidata.org/entity/Q670922
64,http://data.europeana.eu/proxy/europeana/92027/BibliographicResource_3000117435190,http://dbpedia.org/resource/Emil_Jakob_Schindler,http://wikidata.org/entity/Q670922
65,http://data.europeana.eu/proxy/europeana/92027/BibliographicResource_3000117435191,http://dbpedia.org/resource/Emil_Jakob_Schindler,http://wikidata.org/entity/Q670922
66,http://data.europeana.eu/proxy/europeana/92027/BibliographicResource_3000117435192,http://dbpedia.org/resource/Emil_Jakob_Schindler,http://wikidata.org/entity/Q670922
67,http://data.europeana.eu/proxy/europeana/92027/BibliographicResource_3000117435193,http://dbpedia.org/resource/Emil_Jakob_Schindler,http://wikidata.org/entity/Q670922
68,http://data.europeana.eu/proxy/europeana/92027/BibliographicResource_3000117435194,http://dbpedia.org/resource/Emil_Jakob_Schindler,http://wikidata.org/entity/Q670922
69,http://data.europeana.eu/proxy/europeana/92027/BibliographicResource_3000117435195,http://dbpedia.org/resource/Emil_Jakob_Schindler,http://wikidata.org/entity/Q670922
70,http://data.europeana.eu/proxy/europeana/92027/BibliographicResource_3000117435196,http://dbpedia.org/resource/Emil_Jakob_Schindler,http://wikidata.org/entity/Q670922
71,http://data.europeana.eu/proxy/europeana/92027/BibliographicResource_3000117435197,http://dbpedia.org/resource/Emil_Jakob_Schindler,http://wikidata.org/entity/Q670922
72,http://data.europeana.eu/proxy/europeana/92027/BibliographicResource_3000117435198,http://dbpedia.org/resource/Emil_Jakob_Schindler,http://wikidata.org/entity/Q670922
73,http://data.europeana.eu/proxy/europeana/92027/BibliographicResource_3000117435199,http://dbpedia.org/resource/Emil_Jakob_Schindler,http://wikidata.org/entity/Q670922
74,http://data.europeana.eu/proxy/europeana/92027/BibliographicResource_3000117435200,http://dbpedia.org/resource/Emil_Jakob_Schindler,http://wikidata.org/entity/Q670922
75,http://data.europeana.eu/proxy/europeana/92027/BibliographicResource_3000117435201,http://dbpedia.org/resource/Emil_Jakob_Schindler,http://wikidata.org/entity/Q670922
76,http://data.europeana.eu/proxy/europeana/92027/BibliographicResource_3000117435203,http://dbpedia.org/resource/Emil_Jakob_Schindler,http://wikidata.org/entity/Q670922
77,http://data.europeana.eu/proxy/europeana/92027/BibliographicResource_3000117435205,http://dbpedia.org/resource/Emil_Jakob_Schindler,http://wikidata.org/entity/Q670922
78,http://data.europeana.eu/proxy/europeana/92027/BibliographicResource_3000117437318,http://dbpedia.org/resource/Emil_Jakob_Schindler,http://wikidata.org/entity/Q670922
79,http://data.europeana.eu/proxy/europeana/92027/BibliographicResource_1000125589917,http://dbpedia.org/resource/Emil_Jakob_Schindler,http://wikidata.org/entity/Q670922
80,http://data.europeana.eu/proxy/europeana/07926/diglit_heidhs3820_13,http://dbpedia.org/resource/Emil_Lask,http://wikidata.org/entity/Q89178
81,http://data.europeana.eu/proxy/europeana/07926/diglit_heidhs3820_14,http://dbpedia.org/resource/Emil_Lask,http://wikidata.org/entity/Q89178
82,http://data.europeana.eu/proxy/europeana/07926/diglit_heidhs3820_15,http://dbpedia.org/resource/Emil_Lask,http://wikidata.org/entity/Q89178
83,http://data.europeana.eu/proxy/europeana/07926/diglit_heidhs3820_16,http://dbpedia.org/resource/Emil_Lask,http://wikidata.org/entity/Q89178
84,http://data.europeana.eu/proxy/europeana/07926/diglit_heidhs3820_17,http://dbpedia.org/resource/Emil_Lask,http://wikidata.org/entity/Q89178
85,http://data.europeana.eu/proxy/europeana/07926/diglit_heidhs3820_18,http://dbpedia.org/resource/Emil_Lask,http://wikidata.org/entity/Q89178
86,http://data.europeana.eu/proxy/europeana/07926/diglit_heidhs3820_19,http://dbpedia.org/resource/Emil_Lask,http://wikidata.org/entity/Q89178
87,http://data.europeana.eu/proxy/europeana/07926/diglit_heidhs3820_20,http://dbpedia.org/resource/Emil_Lask,http://wikidata.org/entity/Q89178
88,http://data.europeana.eu/proxy/europeana/07926/diglit_heidhs3820_21,http://dbpedia.org/resource/Emil_Lask,http://wikidata.org/entity/Q89178
89,http://data.europeana.eu/proxy/europeana/07926/diglit_heidhs3820_22,http://dbpedia.org/resource/Emil_Lask,http://wikidata.org/entity/Q89178
90,http://data.europeana.eu/proxy/europeana/07926/diglit_heidhs3820_23,http://dbpedia.org/resource/Emil_Lask,http://wikidata.org/entity/Q89178
91,http://data.europeana.eu/proxy/europeana/07926/diglit_heidhs3820_24,http://dbpedia.org/resource/Emil_Lask,http://wikidata.org/entity/Q89178
92,http://data.europeana.eu/proxy/europeana/07926/diglit_heidhs3820_25,http://dbpedia.org/resource/Emil_Lask,http://wikidata.org/entity/Q89178
93,http://data.europeana.eu/proxy/europeana/07926/diglit_heidhs3820_26,http://dbpedia.org/resource/Emil_Lask,http://wikidata.org/entity/Q89178
94,http://data.europeana.eu/proxy/europeana/07926/diglit_heidhs3820_27,http://dbpedia.org/resource/Emil_Lask,http://wikidata.org/entity/Q89178
95,http://data.europeana.eu/proxy/europeana/07926/diglit_heidhs3820_28,http://dbpedia.org/resource/Emil_Lask,http://wikidata.org/entity/Q89178
96,http://data.europeana.eu/proxy/europeana/07926/diglit_heidhs3820_29,http://dbpedia.org/resource/Emil_Lask,http://wikidata.org/entity/Q89178
97,http://data.europeana.eu/proxy/europeana/07926/diglit_heidhs3820_30,http://dbpedia.org/resource/Emil_Lask,http://wikidata.org/entity/Q89178
98,http://data.europeana.eu/proxy/europeana/07926/diglit_heidhs3820_31,http://dbpedia.org/resource/Emil_Lask,http://wikidata.org/entity/Q89178
99,http://data.europeana.eu/proxy/europeana/07926/diglit_heidhs3820_32,http://dbpedia.org/resource/Emil_Lask,http://wikidata.org/entity/Q89178
100,http://data.europeana.eu/proxy/europeana/07926/diglit_heidhs3820_33,http://dbpedia.org/resource/Emil_Lask,http://wikidata.org/entity/Q89178
101,http://data.europeana.eu/proxy/europeana/07926/diglit_heidhs3820_34,http://dbpedia.org/resource/Emil_Lask,http://wikidata.org/entity/Q89178
102,http://data.europeana.eu/proxy/europeana/07926/diglit_heidhs3820_35,http://dbpedia.org/resource/Emil_Lask,http://wikidata.org/entity/Q89178
103,http://data.europeana.eu/proxy/europeana/07926/diglit_heidhs3820_36,http://dbpedia.org/resource/Emil_Lask,http://wikidata.org/entity/Q89178
104,http://data.europeana.eu/proxy/europeana/07926/diglit_heidhs3820_37,http://dbpedia.org/resource/Emil_Lask,http://wikidata.org/entity/Q89178
105,http://data.europeana.eu/proxy/europeana/07926/diglit_heidhs3820_38,http://dbpedia.org/resource/Emil_Lask,http://wikidata.org/entity/Q89178
106,http://data.europeana.eu/proxy/europeana/07926/diglit_heidhs3820_39,http://dbpedia.org/resource/Emil_Lask,http://wikidata.org/entity/Q89178
107,http://data.europeana.eu/proxy/europeana/07926/diglit_heidhs3820_40,http://dbpedia.org/resource/Emil_Lask,http://wikidata.org/entity/Q89178
108,http://data.europeana.eu/proxy/europeana/07926/diglit_heidhs3820_41,http://dbpedia.org/resource/Emil_Lask,http://wikidata.org/entity/Q89178
109,http://data.europeana.eu/proxy/europeana/07926/diglit_heidhs3820_475,http://dbpedia.org/resource/Emil_Lask,http://wikidata.org/entity/Q89178
110,http://data.europeana.eu/proxy/europeana/07926/diglit_heidhs3820_476,http://dbpedia.org/resource/Emil_Lask,http://wikidata.org/entity/Q89178
111,http://data.europeana.eu/proxy/europeana/07926/diglit_heidhs3820_477,http://dbpedia.org/resource/Emil_Lask,http://wikidata.org/entity/Q89178
112,http://data.europeana.eu/proxy/europeana/07926/diglit_heidhs3820_478,http://dbpedia.org/resource/Emil_Lask,http://wikidata.org/entity/Q89178
113,http://data.europeana.eu/proxy/europeana/07926/diglit_heidhs3820_479,http://dbpedia.org/resource/Emil_Lask,http://wikidata.org/entity/Q89178
114,http://data.europeana.eu/proxy/europeana/07926/diglit_heidhs3820_480,http://dbpedia.org/resource/Emil_Lask,http://wikidata.org/entity/Q89178
115,http://data.europeana.eu/proxy/europeana/07926/diglit_heidhs3820_481,http://dbpedia.org/resource/Emil_Lask,http://wikidata.org/entity/Q89178
116,http://data.europeana.eu/proxy/europeana/07926/diglit_heidhs3820_482,http://dbpedia.org/resource/Emil_Lask,http://wikidata.org/entity/Q89178
117,http://data.europeana.eu/proxy/europeana/07926/diglit_heidhs3820_483,http://dbpedia.org/resource/Emil_Lask,http://wikidata.org/entity/Q89178
118,http://data.europeana.eu/proxy/europeana/07926/diglit_heidhs3820_484,http://dbpedia.org/resource/Emil_Lask,http://wikidata.org/entity/Q89178
119,http://data.europeana.eu/proxy/europeana/07926/diglit_heidhs3820_485,http://dbpedia.org/resource/Emil_Lask,http://wikidata.org/entity/Q89178
120,http://data.europeana.eu/proxy/europeana/07926/diglit_heidhs3820_486,http://dbpedia.org/resource/Emil_Lask,http://wikidata.org/entity/Q89178
121,http://data.europeana.eu/proxy/europeana/07926/diglit_heidhs3820_487,http://dbpedia.org/resource/Emil_Lask,http://wikidata.org/entity/Q89178
122,http://data.europeana.eu/proxy/europeana/07926/diglit_heidhs3820_488,http://dbpedia.org/resource/Emil_Lask,http://wikidata.org/entity/Q89178
123,http://data.europeana.eu/proxy/europeana/07926/diglit_heidhs3820_489,http://dbpedia.org/resource/Emil_Lask,http://wikidata.org/entity/Q89178
124,http://data.europeana.eu/proxy/europeana/07926/diglit_heidhs3820_490,http://dbpedia.org/resource/Emil_Lask,http://wikidata.org/entity/Q89178
125,http://data.europeana.eu/proxy/europeana/07926/diglit_heidhs3820_491,http://dbpedia.org/resource/Emil_Lask,http://wikidata.org/entity/Q89178
126,http://data.europeana.eu/proxy/europeana/07926/diglit_heidhs3820_492,http://dbpedia.org/resource/Emil_Lask,http://wikidata.org/entity/Q89178
127,http://data.europeana.eu/proxy/europeana/07926/diglit_heidhs3820_493,http://dbpedia.org/resource/Emil_Lask,http://wikidata.org/entity/Q89178
128,http://data.europeana.eu/proxy/europeana/07926/diglit_heidhs3820_494,http://dbpedia.org/resource/Emil_Lask,http://wikidata.org/entity/Q89178
129,http://data.europeana.eu/proxy/europeana/07926/diglit_heidhs3820_495,http://dbpedia.org/resource/Emil_Lask,http://wikidata.org/entity/Q89178
130,http://data.europeana.eu/proxy/europeana/07926/diglit_heidhs3820_496,http://dbpedia.org/resource/Emil_Lask,http://wikidata.org/entity/Q89178
131,http://data.europeana.eu/proxy/europeana/07926/diglit_heidhs3820_497,http://dbpedia.org/resource/Emil_Lask,http://wikidata.org/entity/Q89178
132,http://data.europeana.eu/proxy/europeana/07926/diglit_heidhs3820_498,http://dbpedia.org/resource/Emil_Lask,http://wikidata.org/entity/Q89178
133,http://data.europeana.eu/proxy/europeana/07926/diglit_heidhs3820_499,http://dbpedia.org/resource/Emil_Lask,http://wikidata.org/entity/Q89178
134,http://data.europeana.eu/proxy/europeana/07926/diglit_heidhs3820_500,http://dbpedia.org/resource/Emil_Lask,http://wikidata.org/entity/Q89178
135,http://data.europeana.eu/proxy/europeana/07926/diglit_heidhs3820_502,http://dbpedia.org/resource/Emil_Lask,http://wikidata.org/entity/Q89178
136,http://data.europeana.eu/proxy/europeana/07926/diglit_heidhs3820_503,http://dbpedia.org/resource/Emil_Lask,http://wikidata.org/entity/Q89178
137,http://data.europeana.eu/proxy/europeana/07926/diglit_heidhs3820_504,http://dbpedia.org/resource/Emil_Lask,http://wikidata.org/entity/Q89178
138,http://data.europeana.eu/proxy/europeana/07926/diglit_heidhs3820_505,http://dbpedia.org/resource/Emil_Lask,http://wikidata.org/entity/Q89178
139,http://data.europeana.eu/proxy/europeana/07926/diglit_heidhs3820_506,http://dbpedia.org/resource/Emil_Lask,http://wikidata.org/entity/Q89178
140,http://data.europeana.eu/proxy/europeana/07926/diglit_heidhs3820_507,http://dbpedia.org/resource/Emil_Lask,http://wikidata.org/entity/Q89178
141,http://data.europeana.eu/proxy/europeana/07926/diglit_heidhs3820_508,http://dbpedia.org/resource/Emil_Lask,http://wikidata.org/entity/Q89178
142,http://data.europeana.eu/proxy/europeana/07926/diglit_heidhs3820_509,http://dbpedia.org/resource/Emil_Lask,http://wikidata.org/entity/Q89178
143,http://data.europeana.eu/proxy/europeana/15508/44301r,http://dbpedia.org/resource/Emil_Orlík,http://wikidata.org/entity/Q379150
144,http://data.europeana.eu/proxy/europeana/15508/44301v,http://dbpedia.org/resource/Emil_Orlík,http://wikidata.org/entity/Q379150
145,http://data.europeana.eu/proxy/europeana/15508/DG1904_253,http://dbpedia.org/resource/Emil_Orlík,http://wikidata.org/entity/Q379150
146,http://data.europeana.eu/proxy/europeana/15508/DG1907_241,http://dbpedia.org/resource/Emil_Orlík,http://wikidata.org/entity/Q379150
147,http://data.europeana.eu/proxy/europeana/15508/DG1907_242,http://dbpedia.org/resource/Emil_Orlík,http://wikidata.org/entity/Q379150
148,http://data.europeana.eu/proxy/europeana/15508/DG1907_243,http://dbpedia.org/resource/Emil_Orlík,http://wikidata.org/entity/Q379150
149,http://data.europeana.eu/proxy/europeana/15508/DG1910_352,http://dbpedia.org/resource/Emil_Orlík,http://wikidata.org/entity/Q379150
150,http://data.europeana.eu/proxy/europeana/15508/DG1910_353,http://dbpedia.org/resource/Emil_Orlík,http://wikidata.org/entity/Q379150
151,http://data.europeana.eu/proxy/europeana/15508/DG1912_36,http://dbpedia.org/resource/Emil_Orlík,http://wikidata.org/entity/Q379150
152,http://data.europeana.eu/proxy/europeana/15508/DG1912_37,http://dbpedia.org/resource/Emil_Orlík,http://wikidata.org/entity/Q379150
153,http://data.europeana.eu/proxy/europeana/15508/DG1915_359,http://dbpedia.org/resource/Emil_Orlík,http://wikidata.org/entity/Q379150
154,http://data.europeana.eu/proxy/europeana/15508/DG1918_233,http://dbpedia.org/resource/Emil_Orlík,http://wikidata.org/entity/Q379150
155,http://data.europeana.eu/proxy/europeana/15508/DG1923_422,http://dbpedia.org/resource/Emil_Orlík,http://wikidata.org/entity/Q379150
156,http://data.europeana.eu/proxy/europeana/15508/DG1923_730,http://dbpedia.org/resource/Emil_Orlík,http://wikidata.org/entity/Q379150
157,http://data.europeana.eu/proxy/europeana/15508/DG1923_95,http://dbpedia.org/resource/Emil_Orlík,http://wikidata.org/entity/Q379150
158,http://data.europeana.eu/proxy/europeana/15508/DG1931_20,http://dbpedia.org/resource/Emil_Orlík,http://wikidata.org/entity/Q379150
159,http://data.europeana.eu/proxy/europeana/15508/DG1935_1158,http://dbpedia.org/resource/Emil_Orlík,http://wikidata.org/entity/Q379150
160,http://data.europeana.eu/proxy/europeana/15508/DG1935_666,http://dbpedia.org/resource/Emil_Orlík,http://wikidata.org/entity/Q379150
161,http://data.europeana.eu/proxy/europeana/15508/DG1935_667,http://dbpedia.org/resource/Emil_Orlík,http://wikidata.org/entity/Q379150
162,http://data.europeana.eu/proxy/europeana/15508/DG1935_668,http://dbpedia.org/resource/Emil_Orlík,http://wikidata.org/entity/Q379150
163,http://data.europeana.eu/proxy/europeana/15508/DG1935_669,http://dbpedia.org/resource/Emil_Orlík,http://wikidata.org/entity/Q379150
164,http://data.europeana.eu/proxy/europeana/15508/DG1935_670,http://dbpedia.org/resource/Emil_Orlík,http://wikidata.org/entity/Q379150
165,http://data.europeana.eu/proxy/europeana/15508/DG1935_671,http://dbpedia.org/resource/Emil_Orlík,http://wikidata.org/entity/Q379150
166,http://data.europeana.eu/proxy/europeana/15508/DG1935_672,http://dbpedia.org/resource/Emil_Orlík,http://wikidata.org/entity/Q379150
167,http://data.europeana.eu/proxy/europeana/15508/DG1935_673,http://dbpedia.org/resource/Emil_Orlík,http://wikidata.org/entity/Q379150
168,http://data.europeana.eu/proxy/europeana/15508/DG1935_674,http://dbpedia.org/resource/Emil_Orlík,http://wikidata.org/entity/Q379150
169,http://data.europeana.eu/proxy/europeana/15508/DG1935_675,http://dbpedia.org/resource/Emil_Orlík,http://wikidata.org/entity/Q379150
170,http://data.europeana.eu/proxy/europeana/15508/DG1950_540,http://dbpedia.org/resource/Emil_Orlík,http://wikidata.org/entity/Q379150
171,http://data.europeana.eu/proxy/europeana/15508/DG1950_541,http://dbpedia.org/resource/Emil_Orlík,http://wikidata.org/entity/Q379150
172,http://data.europeana.eu/proxy/europeana/15508/DG1968_28,http://dbpedia.org/resource/Emil_Orlík,http://wikidata.org/entity/Q379150
173,http://data.europeana.eu/proxy/europeana/15508/DG1971_30,http://dbpedia.org/resource/Emil_Orlík,http://wikidata.org/entity/Q379150
174,http://data.europeana.eu/proxy/europeana/15508/DG1972_100,http://dbpedia.org/resource/Emil_Orlík,http://wikidata.org/entity/Q379150
175,http://data.europeana.eu/proxy/europeana/15508/DG1972_101,http://dbpedia.org/resource/Emil_Orlík,http://wikidata.org/entity/Q379150
176,http://data.europeana.eu/proxy/europeana/15508/DG1972_102,http://dbpedia.org/resource/Emil_Orlík,http://wikidata.org/entity/Q379150
177,http://data.europeana.eu/proxy/europeana/15508/DG1972_103,http://dbpedia.org/resource/Emil_Orlík,http://wikidata.org/entity/Q379150
178,http://data.europeana.eu/proxy/europeana/15508/DG1972_104,http://dbpedia.org/resource/Emil_Orlík,http://wikidata.org/entity/Q379150
179,http://data.europeana.eu/proxy/europeana/15508/DG1972_105,http://dbpedia.org/resource/Emil_Orlík,http://wikidata.org/entity/Q379150
180,http://data.europeana.eu/proxy/europeana/15508/DG1972_84,http://dbpedia.org/resource/Emil_Orlík,http://wikidata.org/entity/Q379150
181,http://data.europeana.eu/proxy/europeana/15508/DG1972_85,http://dbpedia.org/resource/Emil_Orlík,http://wikidata.org/entity/Q379150
182,http://data.europeana.eu/proxy/europeana/15508/DG1972_86,http://dbpedia.org/resource/Emil_Orlík,http://wikidata.org/entity/Q379150
183,http://data.europeana.eu/proxy/europeana/15508/DG1972_87,http://dbpedia.org/resource/Emil_Orlík,http://wikidata.org/entity/Q379150
184,http://data.europeana.eu/proxy/europeana/15508/DG1972_88,http://dbpedia.org/resource/Emil_Orlík,http://wikidata.org/entity/Q379150
185,http://data.europeana.eu/proxy/europeana/15508/DG1972_89,http://dbpedia.org/resource/Emil_Orlík,http://wikidata.org/entity/Q379150
186,http://data.europeana.eu/proxy/europeana/15508/DG1972_90,http://dbpedia.org/resource/Emil_Orlík,http://wikidata.org/entity/Q379150
187,http://data.europeana.eu/proxy/europeana/15508/DG1972_91,http://dbpedia.org/resource/Emil_Orlík,http://wikidata.org/entity/Q379150
188,http://data.europeana.eu/proxy/europeana/15508/DG1972_92,http://dbpedia.org/resource/Emil_Orlík,http://wikidata.org/entity/Q379150
189,http://data.europeana.eu/proxy/europeana/15508/DG1972_93,http://dbpedia.org/resource/Emil_Orlík,http://wikidata.org/entity/Q379150
190,http://data.europeana.eu/proxy/europeana/15508/DG1972_94,http://dbpedia.org/resource/Emil_Orlík,http://wikidata.org/entity/Q379150
191,http://data.europeana.eu/proxy/europeana/15508/DG1972_95,http://dbpedia.org/resource/Emil_Orlík,http://wikidata.org/entity/Q379150
192,http://data.europeana.eu/proxy/europeana/15508/DG1972_96,http://dbpedia.org/resource/Emil_Orlík,http://wikidata.org/entity/Q379150
193,http://data.europeana.eu/proxy/europeana/15508/DG1972_97,http://dbpedia.org/resource/Emil_Orlík,http://wikidata.org/entity/Q379150
194,http://data.europeana.eu/proxy/europeana/15508/DG1972_99,http://dbpedia.org/resource/Emil_Orlík,http://wikidata.org/entity/Q379150
195,http://data.europeana.eu/proxy/europeana/15508/DG1978_179,http://dbpedia.org/resource/Emil_Orlík,http://wikidata.org/entity/Q379150
196,http://data.europeana.eu/proxy/europeana/15508/DG1985_90,http://dbpedia.org/resource/Emil_Orlík,http://wikidata.org/entity/Q379150
197,http://data.europeana.eu/proxy/europeana/15508/DG2003_1011,http://dbpedia.org/resource/Emil_Orlík,http://wikidata.org/entity/Q379150
198,http://data.europeana.eu/proxy/europeana/15508/DG2003_1012,http://dbpedia.org/resource/Emil_Orlík,http://wikidata.org/entity/Q379150
199,http://data.europeana.eu/proxy/europeana/15508/DG2003_1013,http://dbpedia.org/resource/Emil_Orlík,http://wikidata.org/entity/Q379150
200,http://data.europeana.eu/proxy/europeana/15508/DG2003_1014,http://dbpedia.org/resource/Emil_Orlík,http://wikidata.org/entity/Q379150
201,http://data.europeana.eu/proxy/europeana/15508/DG2003_1015,http://dbpedia.org/resource/Emil_Orlík,http://wikidata.org/entity/Q379150
202,http://data.europeana.eu/proxy/europeana/15508/DG2003_1016,http://dbpedia.org/resource/Emil_Orlík,http://wikidata.org/entity/Q379150
203,http://data.europeana.eu/proxy/europeana/15508/DG2003_1017,http://dbpedia.org/resource/Emil_Orlík,http://wikidata.org/entity/Q379150
204,http://data.europeana.eu/proxy/europeana/15508/DG2003_1018,http://dbpedia.org/resource/Emil_Orlík,http://wikidata.org/entity/Q379150
205,http://data.europeana.eu/proxy/europeana/15508/DG2003_1019,http://dbpedia.org/resource/Emil_Orlík,http://wikidata.org/entity/Q379150
206,http://data.europeana.eu/proxy/europeana/15508/DG2004_1473,http://dbpedia.org/resource/Emil_Orlík,http://wikidata.org/entity/Q379150
207,http://data.europeana.eu/proxy/europeana/15508/DG2004_1491,http://dbpedia.org/resource/Emil_Orlík,http://wikidata.org/entity/Q379150
208,http://data.europeana.eu/proxy/europeana/15508/DGNF474_14,http://dbpedia.org/resource/Emil_Orlík,http://wikidata.org/entity/Q379150
209,http://data.europeana.eu/proxy/europeana/15508/DGNF474_15,http://dbpedia.org/resource/Emil_Orlík,http://wikidata.org/entity/Q379150
210,http://data.europeana.eu/proxy/europeana/15508/DGNF5614,http://dbpedia.org/resource/Emil_Orlík,http://wikidata.org/entity/Q379150
211,http://data.europeana.eu/proxy/europeana/15508/DGNF5834,http://dbpedia.org/resource/Emil_Orlík,http://wikidata.org/entity/Q379150
212,http://data.europeana.eu/proxy/europeana/15508/DGNF6360_1,http://dbpedia.org/resource/Emil_Orlík,http://wikidata.org/entity/Q379150
213,http://data.europeana.eu/proxy/europeana/15508/DGNF6483,http://dbpedia.org/resource/Emil_Orlík,http://wikidata.org/entity/Q379150
214,http://data.europeana.eu/proxy/europeana/15508/DGNF8190,http://dbpedia.org/resource/Emil_Orlík,http://wikidata.org/entity/Q379150
215,http://data.europeana.eu/proxy/europeana/15508/DGNF8191,http://dbpedia.org/resource/Emil_Orlík,http://wikidata.org/entity/Q379150
216,http://data.europeana.eu/proxy/europeana/15508/DGNF8192,http://dbpedia.org/resource/Emil_Orlík,http://wikidata.org/entity/Q379150
217,http://data.europeana.eu/proxy/europeana/15508/DGNF8193,http://dbpedia.org/resource/Emil_Orlík,http://wikidata.org/entity/Q379150
218,http://data.europeana.eu/proxy/europeana/15508/DGNF8194,http://dbpedia.org/resource/Emil_Orlík,http://wikidata.org/entity/Q379150
219,http://data.europeana.eu/proxy/europeana/15508/DGNF8195,http://dbpedia.org/resource/Emil_Orlík,http://wikidata.org/entity/Q379150
220,http://data.europeana.eu/proxy/europeana/15508/DGNF8196,http://dbpedia.org/resource/Emil_Orlík,http://wikidata.org/entity/Q379150
221,http://data.europeana.eu/proxy/europeana/15508/DGNF8197,http://dbpedia.org/resource/Emil_Orlík,http://wikidata.org/entity/Q379150
222,http://data.europeana.eu/proxy/europeana/15508/DGNF8198,http://dbpedia.org/resource/Emil_Orlík,http://wikidata.org/entity/Q379150
223,http://data.europeana.eu/proxy/europeana/15508/DGNF8199,http://dbpedia.org/resource/Emil_Orlík,http://wikidata.org/entity/Q379150
224,http://data.europeana.eu/proxy/europeana/15508/DGNF8200,http://dbpedia.org/resource/Emil_Orlík,http://wikidata.org/entity/Q379150
225,http://data.europeana.eu/proxy/europeana/15508/DGNF8201,http://dbpedia.org/resource/Emil_Orlík,http://wikidata.org/entity/Q379150
226,http://data.europeana.eu/proxy/europeana/15508/DGNF8202,http://dbpedia.org/resource/Emil_Orlík,http://wikidata.org/entity/Q379150
227,http://data.europeana.eu/proxy/europeana/15508/DGNF8203,http://dbpedia.org/resource/Emil_Orlík,http://wikidata.org/entity/Q379150
228,http://data.europeana.eu/proxy/europeana/15508/DGNF8204,http://dbpedia.org/resource/Emil_Orlík,http://wikidata.org/entity/Q379150
229,http://data.europeana.eu/proxy/europeana/15508/DGNF8205,http://dbpedia.org/resource/Emil_Orlík,http://wikidata.org/entity/Q379150
230,http://data.europeana.eu/proxy/europeana/15508/DGNF8206,http://dbpedia.org/resource/Emil_Orlík,http://wikidata.org/entity/Q379150
231,http://data.europeana.eu/proxy/europeana/15508/DGNF8207,http://dbpedia.org/resource/Emil_Orlík,http://wikidata.org/entity/Q379150
232,http://data.europeana.eu/proxy/europeana/15508/DGNF8208,http://dbpedia.org/resource/Emil_Orlík,http://wikidata.org/entity/Q379150
233,http://data.europeana.eu/proxy/europeana/15508/DGNF8209,http://dbpedia.org/resource/Emil_Orlík,http://wikidata.org/entity/Q379150
234,http://data.europeana.eu/proxy/europeana/15508/DGNF8210,http://dbpedia.org/resource/Emil_Orlík,http://wikidata.org/entity/Q379150
235,http://data.europeana.eu/proxy/europeana/15508/DGNF8211,http://dbpedia.org/resource/Emil_Orlík,http://wikidata.org/entity/Q379150
236,http://data.europeana.eu/proxy/europeana/15508/DGNF8212,http://dbpedia.org/resource/Emil_Orlík,http://wikidata.org/entity/Q379150
237,http://data.europeana.eu/proxy/europeana/15508/DGNF8213,http://dbpedia.org/resource/Emil_Orlík,http://wikidata.org/entity/Q379150
238,http://data.europeana.eu/proxy/europeana/15508/DGNF8214,http://dbpedia.org/resource/Emil_Orlík,http://wikidata.org/entity/Q379150
239,http://data.europeana.eu/proxy/europeana/15508/DGNF8215,http://dbpedia.org/resource/Emil_Orlík,http://wikidata.org/entity/Q379150
240,http://data.europeana.eu/proxy/europeana/15508/DGNF8216,http://dbpedia.org/resource/Emil_Orlík,http://wikidata.org/entity/Q379150
241,http://data.europeana.eu/proxy/europeana/15508/DGNF8217,http://dbpedia.org/resource/Emil_Orlík,http://wikidata.org/entity/Q379150
242,http://data.europeana.eu/proxy/europeana/15508/DGNF8218,http://dbpedia.org/resource/Emil_Orlík,http://wikidata.org/entity/Q379150
243,http://data.europeana.eu/proxy/europeana/15508/DGNF8219,http://dbpedia.org/resource/Emil_Orlík,http://wikidata.org/entity/Q379150
244,http://data.europeana.eu/proxy/europeana/15508/DGNF8220,http://dbpedia.org/resource/Emil_Orlík,http://wikidata.org/entity/Q379150
245,http://data.europeana.eu/proxy/europeana/15508/DGNF8221,http://dbpedia.org/resource/Emil_Orlík,http://wikidata.org/entity/Q379150
246,http://data.europeana.eu/proxy/europeana/15508/DGNF8222,http://dbpedia.org/resource/Emil_Orlík,http://wikidata.org/entity/Q379150
247,http://data.europeana.eu/proxy/europeana/15508/DGNF8223,http://dbpedia.org/resource/Emil_Orlík,http://wikidata.org/entity/Q379150
248,http://data.europeana.eu/proxy/europeana/15508/DGNF8224,http://dbpedia.org/resource/Emil_Orlík,http://wikidata.org/entity/Q379150
249,http://data.europeana.eu/proxy/europeana/15508/DGNF8225,http://dbpedia.org/resource/Emil_Orlík,http://wikidata.org/entity/Q379150
250,http://data.europeana.eu/proxy/europeana/15508/DGNF8226,http://dbpedia.org/resource/Emil_Orlík,http://wikidata.org/entity/Q379150
251,http://data.europeana.eu/proxy/europeana/15508/DGNF8227,http://dbpedia.org/resource/Emil_Orlík,http://wikidata.org/entity/Q379150
252,http://data.europeana.eu/proxy/europeana/15508/DGNF9081_5,http://dbpedia.org/resource/Emil_Orlík,http://wikidata.org/entity/Q379150
253,http://data.europeana.eu/proxy/europeana/15508/DGNF9661,http://dbpedia.org/resource/Emil_Orlík,http://wikidata.org/entity/Q379150
254,http://data.europeana.eu/proxy/europeana/15508/DGNF9901,http://dbpedia.org/resource/Emil_Orlík,http://wikidata.org/entity/Q379150
255,http://data.europeana.eu/proxy/europeana/2026116/Partage_Plus_ProvidedCHO_Bildarchiv_Foto_Marburg_obj_20506337_1_072_558,http://dbpedia.org/resource/Emil_Orlík,http://wikidata.org/entity/Q379150
256,http://data.europeana.eu/proxy/europeana/2048001/Athena_Plus_ProvidedCHO_KIK_IRPA__Brussels__Belgium__AP_10137815,http://dbpedia.org/resource/Emil_Orlík,http://wikidata.org/entity/Q379150
257,http://data.europeana.eu/proxy/europeana/2048001/Athena_Plus_ProvidedCHO_KIK_IRPA__Brussels__Belgium__AP_10137901,http://dbpedia.org/resource/Emil_Orlík,http://wikidata.org/entity/Q379150
258,http://data.europeana.eu/proxy/europeana/2026112/Partage_Plus_ProvidedCHO_Muzeum_Narodowe_w_Warszawie_Gr_Ob_N_n_178092,http://dbpedia.org/resource/Emil_Orlík,http://wikidata.org/entity/Q379150
259,http://data.europeana.eu/proxy/europeana/2026112/Partage_Plus_ProvidedCHO_Muzeum_Narodowe_w_Warszawie_Gr_Ob_N_n_178093,http://dbpedia.org/resource/Emil_Orlík,http://wikidata.org/entity/Q379150
260,http://data.europeana.eu/proxy/europeana/2026112/Partage_Plus_ProvidedCHO_Muzeum_Narodowe_w_Warszawie_Gr_Ob_N_n_178094,http://dbpedia.org/resource/Emil_Orlík,http://wikidata.org/entity/Q379150
261,http://data.europeana.eu/proxy/europeana/2026112/Partage_Plus_ProvidedCHO_Muzeum_Narodowe_w_Warszawie_Gr_Ob_N_n_178095,http://dbpedia.org/resource/Emil_Orlík,http://wikidata.org/entity/Q379150
262,http://data.europeana.eu/proxy/europeana/2026112/Partage_Plus_ProvidedCHO_Muzeum_Narodowe_w_Warszawie_Gr_Ob_N_n_178096,http://dbpedia.org/resource/Emil_Orlík,http://wikidata.org/entity/Q379150
263,http://data.europeana.eu/proxy/europeana/2026112/Partage_Plus_ProvidedCHO_Muzeum_Narodowe_w_Warszawie_Gr_Ob_N_n_178098,http://dbpedia.org/resource/Emil_Orlík,http://wikidata.org/entity/Q379150
264,http://data.europeana.eu/proxy/europeana/2026112/Partage_Plus_ProvidedCHO_Muzeum_Narodowe_w_Warszawie_Gr_Ob_N_n_178099,http://dbpedia.org/resource/Emil_Orlík,http://wikidata.org/entity/Q379150
265,http://data.europeana.eu/proxy/europeana/2026112/Partage_Plus_ProvidedCHO_Muzeum_Narodowe_w_Warszawie_Gr_Ob_N_n_178743,http://dbpedia.org/resource/Emil_Orlík,http://wikidata.org/entity/Q379150
266,http://data.europeana.eu/proxy/europeana/2026112/Partage_Plus_ProvidedCHO_Muzeum_Narodowe_w_Warszawie_Gr_Ob_N_n_178749,http://dbpedia.org/resource/Emil_Orlík,http://wikidata.org/entity/Q379150
267,http://data.europeana.eu/proxy/europeana/2026112/Partage_Plus_ProvidedCHO_Muzeum_Narodowe_w_Warszawie_Gr_Ob_N_n_178752,http://dbpedia.org/resource/Emil_Orlík,http://wikidata.org/entity/Q379150
268,http://data.europeana.eu/proxy/europeana/2026112/Partage_Plus_ProvidedCHO_Muzeum_Narodowe_w_Warszawie_Gr_Ob_N_n_179146,http://dbpedia.org/resource/Emil_Orlík,http://wikidata.org/entity/Q379150
269,http://data.europeana.eu/proxy/europeana/2026112/Partage_Plus_ProvidedCHO_Muzeum_Narodowe_w_Warszawie_Gr_Ob_N_n_213047,http://dbpedia.org/resource/Emil_Orlík,http://wikidata.org/entity/Q379150
270,http://data.europeana.eu/proxy/europeana/2026112/Partage_Plus_ProvidedCHO_Muzeum_Narodowe_w_Warszawie_Gr_Ob_N_n_213362_1,http://dbpedia.org/resource/Emil_Orlík,http://wikidata.org/entity/Q379150
271,http://data.europeana.eu/proxy/europeana/2026112/Partage_Plus_ProvidedCHO_Muzeum_Narodowe_w_Warszawie_Gr_Ob_N_n_213367,http://dbpedia.org/resource/Emil_Orlík,http://wikidata.org/entity/Q379150
272,http://data.europeana.eu/proxy/europeana/2026112/Partage_Plus_ProvidedCHO_Muzeum_Narodowe_w_Warszawie_Gr_Ob_N_n_215188,http://dbpedia.org/resource/Emil_Orlík,http://wikidata.org/entity/Q379150
273,http://data.europeana.eu/proxy/europeana/2026112/Partage_Plus_ProvidedCHO_Muzeum_Narodowe_w_Warszawie_Gr_Ob_Exl_739,http://dbpedia.org/resource/Emil_Orlík,http://wikidata.org/entity/Q379150
274,http://data.europeana.eu/proxy/europeana/2048001/Athena_Plus_ProvidedCHO_KIK_IRPA__Brussels__Belgium__AP_10369553,http://dbpedia.org/resource/Emil_Orlík,http://wikidata.org/entity/Q379150
275,http://data.europeana.eu/proxy/europeana/2048076/Athena_Plus_ProvidedCHO_Ben_Uri_Gallery_and_Museum__London_1987_308,http://dbpedia.org/resource/Emil_Orlík,http://wikidata.org/entity/Q379150
276,http://data.europeana.eu/proxy/europeana/2048076/Athena_Plus_ProvidedCHO_Ben_Uri_Gallery_and_Museum__London_1988_36,http://dbpedia.org/resource/Emil_Orlík,http://wikidata.org/entity/Q379150
277,http://data.europeana.eu/proxy/europeana/2048077/Athena_Plus_ProvidedCHO_Staatliche_Graphische_Sammlung_M_nchen___Digitaler_Portr_tindex_obj_34708012,http://dbpedia.org/resource/Emil_Orlík,http://wikidata.org/entity/Q379150
278,http://data.europeana.eu/proxy/europeana/2048202/DE_MUS_018313_1889089,http://dbpedia.org/resource/Emil_Orlík,http://wikidata.org/entity/Q379150
279,http://data.europeana.eu/proxy/europeana/2048202/DE_MUS_018313_1871844,http://dbpedia.org/resource/Emil_Orlík,http://wikidata.org/entity/Q379150
280,http://data.europeana.eu/proxy/europeana/2048431/item_A5U5EOMMS6MQMFNJEOJXT6GV3JAIKIEA,http://dbpedia.org/resource/Emil_Orlík,http://wikidata.org/entity/Q379150
281,http://data.europeana.eu/proxy/europeana/2048431/item_BAVX325SCKU642Y5WFFG33UD3X72KRFL,http://dbpedia.org/resource/Emil_Orlík,http://wikidata.org/entity/Q379150
282,http://data.europeana.eu/proxy/europeana/2064108/Museu_ProvidedCHO_Kunstbibliothek__Staatliche_Museen_zu_Berlin_927455,http://dbpedia.org/resource/Emil_Orlík,http://wikidata.org/entity/Q379150
283,http://data.europeana.eu/proxy/europeana/9200365/BibliographicResource_1000055648783,http://dbpedia.org/resource/Emil_Orlík,http://wikidata.org/entity/Q379150
284,http://data.europeana.eu/proxy/europeana/2048401/item_3ZBPMFIZS2UW7KJA5EEDXEY3CQGCR2ED,http://dbpedia.org/resource/Emil_von_Sauer,http://wikidata.org/entity/Q447133
